unit,spec,estimator,se_type,n,beta2_level,beta2_se_hac3,beta2_se_hac12,beta2_p_hac12,beta3_trendchange,beta3_se_hac3,beta3_se_hac12,beta3_p_hac3,beta3_p_hac12,beta3_ci_lo,beta3_ci_hi,beta3_lgp_per_month,beta1_pretrend,r2_adj,converged,note
B1_MOBILE,A0_baseline_locked,OLS+HAC,Newey-West HAC,96,-0.56226,0.33999,0.33407,0.0924,-0.02921,0.01944,0.0202,0.1329,0.1481,-0.06879,0.01038,-2.921,0.06538,0.9199,True,LOCKED PRIMARY
B2_PHARMA,A0_baseline_locked,OLS+HAC,Newey-West HAC,96,-0.07524,0.03634,0.04307,0.0806,-0.00134,0.00127,0.00152,0.2943,0.3785,-0.00431,0.00164,-0.134,0.00765,0.8219,True,LOCKED PRIMARY
B3_AC,A0_baseline_locked,OLS+HAC,Newey-West HAC,96,0.04325,0.07047,0.05405,0.4236,0.00874,0.00305,0.00272,0.0041,0.0013,0.00341,0.01407,0.874,0.00934,0.8066,True,LOCKED PRIMARY
B4_TEXTILE,A0_baseline_locked,OLS+HAC,Newey-West HAC,96,-0.00494,0.04736,0.05471,0.9281,0.0005,0.00337,0.00233,0.8816,0.8291,-0.00406,0.00506,0.05,0.0017,0.6611,True,LOCKED PRIMARY
B1_MOBILE,A1_ARMA_errors_AICbest,"SARIMAX(1,0,1)(0,0,0)[12]",ML (SARIMAX z-based) - stored in *_hac12 columns for layout; NOT HAC,96,0.30796,,0.51475,0.5497,-0.01553,,0.01797,,0.3874,-0.05074,0.01968,-1.553,0.04545,,True,AIC=37.58; LB(12) on resid p=0.1043
B1_MOBILE,A2_ARMA_fixed_AR1,"SARIMAX(1,0,0)(0,0,0)[12]",ML (SARIMAX z-based) - stored in *_hac12 columns for layout; NOT HAC,96,0.27732,,0.28282,0.3268,-0.00965,,0.01424,,0.4982,-0.03756,0.01827,-0.965,0.04081,,True,AIC=37.75; LB(12) on resid p=0.0180; fixed comparator
B2_PHARMA,A1_ARMA_errors_AICbest,"SARIMAX(1,0,0)(0,0,0)[12]",ML (SARIMAX z-based) - stored in *_hac12 columns for layout; NOT HAC,96,-0.03414,,0.07251,0.6378,-0.00145,,0.00243,,0.5514,-0.00622,0.00332,-0.145,0.00701,,True,AIC=-204.27; LB(12) on resid p=0.6641
B2_PHARMA,A2_ARMA_fixed_AR1,"SARIMAX(1,0,0)(0,0,0)[12]",ML (SARIMAX z-based) - stored in *_hac12 columns for layout; NOT HAC,96,-0.03414,,0.07251,0.6378,-0.00145,,0.00243,,0.5514,-0.00622,0.00332,-0.145,0.00701,,True,AIC=-204.27; LB(12) on resid p=0.6641; fixed comparator
B3_AC,A1_ARMA_errors_AICbest,"SARIMAX(2,0,0)(0,0,0)[12]",ML (SARIMAX z-based) - stored in *_hac12 columns for layout; NOT HAC,96,0.03873,,0.12441,0.7556,0.00852,,0.0039,,0.0287,0.00089,0.01616,0.852,0.00952,,True,AIC=4.46; LB(12) on resid p=0.1461
B3_AC,A2_ARMA_fixed_AR1,"SARIMAX(1,0,0)(0,0,0)[12]",ML (SARIMAX z-based) - stored in *_hac12 columns for layout; NOT HAC,96,0.05,,0.18347,0.7852,0.00883,,0.00616,,0.1517,-0.00324,0.02091,0.883,0.00911,,True,AIC=19.15; LB(12) on resid p=0.0024; fixed comparator
B4_TEXTILE,A1_ARMA_errors_AICbest,"SARIMAX(1,0,0)(1,0,0)[12]",ML (SARIMAX z-based) - stored in *_hac12 columns for layout; NOT HAC,96,0.05645,,0.21217,0.7902,-0.00344,,0.01173,,0.7692,-0.02642,0.01954,-0.344,0.00144,,True,AIC=-48.89; LB(12) on resid p=0.1516
B4_TEXTILE,A2_ARMA_fixed_AR1,"SARIMAX(1,0,0)(0,0,0)[12]",ML (SARIMAX z-based) - stored in *_hac12 columns for layout; NOT HAC,96,0.01738,,0.21998,0.937,-0.00091,,0.01159,,0.9372,-0.02364,0.02181,-0.091,0.00157,,True,AIC=-45.99; LB(12) on resid p=0.0397; fixed comparator
B1_MOBILE,B1_dropCOVID_MarSep2020,OLS+HAC,Newey-West HAC,89,-1.07984,0.2872,0.18903,0.0,-0.05596,0.01626,0.01321,0.0006,0.0,-0.08184,-0.03008,-5.596,0.09191,0.933,True,n=89
B2_PHARMA,B1_dropCOVID_MarSep2020,OLS+HAC,Newey-West HAC,89,-0.06335,0.03382,0.03798,0.0953,-0.00113,0.00127,0.00147,0.3747,0.4434,-0.00401,0.00176,-0.113,0.00732,0.8693,True,n=89
B3_AC,B1_dropCOVID_MarSep2020,OLS+HAC,Newey-West HAC,89,0.03813,0.07334,0.05718,0.5049,0.00902,0.0029,0.00268,0.0019,0.0008,0.00376,0.01428,0.902,0.00911,0.9035,True,n=89
B4_TEXTILE,B1_dropCOVID_MarSep2020,OLS+HAC,Newey-West HAC,89,-0.01539,0.04338,0.05091,0.7624,0.00129,0.00332,0.00224,0.6986,0.5657,-0.00311,0.00568,0.129,0.00146,0.3423,True,n=89
B1_MOBILE,B2_alt_notification_2020-04,OLS+HAC,Newey-West HAC,96,-0.72721,0.26147,0.20111,0.0003,-0.04417,0.01748,0.01509,0.0115,0.0034,-0.07375,-0.0146,-4.417,0.08118,0.9316,True,pre-specified in registry
B1_MOBILE,B2_alt_elected_year1_2021-08,OLS+HAC,Newey-West HAC,96,0.20137,0.20927,0.21562,0.3504,-0.00216,0.01049,0.0125,0.8366,0.8626,-0.02666,0.02234,-0.216,0.03374,0.911,True,pre-specified in registry
B1_MOBILE,B2_alt_minus3_2020-05,OLS+HAC,Newey-West HAC,96,-0.60339,0.29532,0.25169,0.0165,-0.03755,0.01848,0.01717,0.0422,0.0288,-0.07121,-0.00389,-3.755,0.07368,0.9256,True,pre-specified in registry
B1_MOBILE,B2_alt_plus3_2020-11,OLS+HAC,Newey-West HAC,96,-0.31015,0.32387,0.33625,0.3563,-0.01495,0.01663,0.01898,0.3688,0.4309,-0.05215,0.02225,-1.495,0.05069,0.9128,True,pre-specified in registry
B1_MOBILE,B2_alt_lag6_2021-02,OLS+HAC,Newey-West HAC,96,-0.22345,0.25693,0.27609,0.4183,-0.00962,0.01294,0.01598,0.4572,0.5472,-0.04095,0.02171,-0.962,0.04534,0.9109,True,pre-specified in registry
B2_PHARMA,B2_alt_notification_2021-03,OLS+HAC,Newey-West HAC,96,-0.11402,0.04126,0.02955,0.0001,-0.00549,0.00139,0.00116,0.0001,0.0,-0.00776,-0.00322,-0.549,0.01123,0.8425,True,pre-specified in registry
B2_PHARMA,B2_alt_fermentation_route_2023-04,OLS+HAC,Newey-West HAC,96,0.01428,0.03578,0.03658,0.6963,-0.00108,0.00154,0.00181,0.4815,0.5494,-0.00463,0.00247,-0.108,0.00594,0.8091,True,pre-specified in registry
B2_PHARMA,B2_alt_minus3_2022-01,OLS+HAC,Newey-West HAC,96,-0.08795,0.03644,0.03775,0.0198,-0.002,0.00126,0.00137,0.1129,0.144,-0.00469,0.00068,-0.2,0.00825,0.8277,True,pre-specified in registry
B2_PHARMA,B2_alt_plus3_2022-07,OLS+HAC,Newey-West HAC,96,-0.05874,0.037,0.04391,0.181,-0.00085,0.00131,0.00164,0.5172,0.6056,-0.00406,0.00237,-0.085,0.00711,0.8168,True,pre-specified in registry
B2_PHARMA,B2_alt_lag6_2022-10,OLS+HAC,Newey-West HAC,96,-0.04948,0.03391,0.03879,0.202,-0.00049,0.00143,0.00182,0.7302,0.7869,-0.00407,0.00308,-0.049,0.00677,0.8141,True,pre-specified in registry
B3_AC,B2_alt_notification_2021-04,OLS+HAC,Newey-West HAC,96,0.01729,0.05961,0.0504,0.7315,0.01109,0.00307,0.00197,0.0003,0.0,0.00722,0.01496,1.109,0.00659,0.81,True,pre-specified in registry
B3_AC,B2_alt_gestation_2yr_2023-04,OLS+HAC,Newey-West HAC,96,0.02681,0.06807,0.05868,0.6478,0.00912,0.00329,0.00207,0.0055,0.0,0.00506,0.01318,0.912,0.01111,0.806,True,pre-specified in registry
B3_AC,B2_alt_minus3_2022-01,OLS+HAC,Newey-West HAC,96,0.10005,0.06593,0.04876,0.0402,0.00944,0.0029,0.00239,0.0011,0.0001,0.00476,0.01412,0.944,0.00769,0.8091,True,pre-specified in registry
B3_AC,B2_alt_plus3_2022-07,OLS+HAC,Newey-West HAC,96,0.01487,0.06705,0.05977,0.8035,0.00869,0.0029,0.00255,0.0027,0.0007,0.00368,0.01369,0.869,0.01022,0.8061,True,pre-specified in registry
B3_AC,B2_alt_lag6_2022-10,OLS+HAC,Newey-West HAC,96,-0.00345,0.07208,0.07025,0.9609,0.00901,0.00278,0.00215,0.0012,0.0,0.00481,0.01322,0.901,0.01078,0.8063,True,pre-specified in registry
B4_TEXTILE,B2_alt_notification_2021-09,OLS+HAC,Newey-West HAC,96,0.18183,0.07316,0.07894,0.0213,0.00602,0.00252,0.0028,0.0169,0.0315,0.00053,0.01151,0.602,-0.00464,0.6951,True,pre-specified in registry
B4_TEXTILE,B2_alt_gestation_start_2022-04,OLS+HAC,Newey-West HAC,96,0.18098,0.06344,0.07972,0.0232,0.00245,0.00221,0.00214,0.2676,0.2522,-0.00175,0.00665,0.245,-0.00233,0.6885,True,pre-specified in registry
B4_TEXTILE,B2_alt_minus3_2024-01,OLS+HAC,Newey-West HAC,96,-0.0074,0.0499,0.06234,0.9056,0.00051,0.0027,0.00191,0.8514,0.7913,-0.00324,0.00425,0.051,0.00172,0.6611,True,pre-specified in registry
B4_TEXTILE,B2_alt_plus3_2024-07,OLS+HAC,Newey-West HAC,96,0.02019,0.0455,0.05033,0.6883,-0.0007,0.00422,0.00295,0.8678,0.8119,-0.00648,0.00508,-0.07,0.00158,0.6613,True,pre-specified in registry
B1_MOBILE,B3_Transition_JanApr2022,OLS+HAC,Newey-West HAC,96,-0.58208,0.34694,0.34086,0.0877,-0.02902,0.01946,0.02023,0.136,0.1515,-0.06867,0.01063,-2.902,0.0655,0.9194,True,carried forward unchanged from Phase 5
C1_LEATHER,C_control_at_2020-08,OLS+HAC,Newey-West HAC,96,0.03062,0.07274,0.06419,0.6333,0.00635,0.0037,0.00341,0.0863,0.0624,-0.00033,0.01303,0.635,-0.00441,0.6828,True,placebo date; DESCRIPTIVE ONLY - no causal contrast
C1_LEATHER,C_control_at_2022-04,OLS+HAC,Newey-West HAC,96,0.07238,0.07798,0.07551,0.3378,0.00053,0.00283,0.00336,0.8521,0.8753,-0.00606,0.00711,0.053,-0.00044,0.6791,True,placebo date; DESCRIPTIVE ONLY - no causal contrast
C1_LEATHER,C_control_at_2024-04,OLS+HAC,Newey-West HAC,96,0.05877,0.05415,0.05442,0.2802,-0.0009,0.00219,0.00182,0.6823,0.6218,-0.00445,0.00266,-0.09,0.00039,0.6782,True,placebo date; DESCRIPTIVE ONLY - no causal contrast
C2_FOOTWEAR,C_control_at_2020-08,OLS+HAC,Newey-West HAC,96,0.0434,0.0828,0.09167,0.6359,0.00845,0.00365,0.00395,0.0207,0.0324,0.00071,0.01619,0.845,-0.00817,0.6541,True,placebo date; DESCRIPTIVE ONLY - no causal contrast
C2_FOOTWEAR,C_control_at_2022-04,OLS+HAC,Newey-West HAC,96,0.24203,0.08883,0.08926,0.0067,-0.00073,0.00311,0.00386,0.8152,0.8509,-0.0083,0.00685,-0.073,-0.00445,0.677,True,placebo date; DESCRIPTIVE ONLY - no causal contrast
C2_FOOTWEAR,C_control_at_2024-04,OLS+HAC,Newey-West HAC,96,0.01137,0.06935,0.08122,0.8887,-0.00248,0.00296,0.00278,0.4031,0.3735,-0.00793,0.00298,-0.248,-0.00077,0.641,True,placebo date; DESCRIPTIVE ONLY - no causal contrast
C3_COTTON,C_control_at_2020-08,OLS+HAC,Newey-West HAC,96,0.12145,0.07994,0.088,0.1675,-0.00259,0.0024,0.00232,0.2805,0.2634,-0.00713,0.00195,-0.259,0.00094,0.5573,True,placebo date; DESCRIPTIVE ONLY - no causal contrast
C3_COTTON,C_control_at_2022-04,OLS+HAC,Newey-West HAC,96,-0.16565,0.06957,0.06287,0.0084,-0.00765,0.0028,0.00366,0.0063,0.0365,-0.01481,-0.00048,-0.765,0.00679,0.5871,True,placebo date; DESCRIPTIVE ONLY - no causal contrast
C3_COTTON,C_control_at_2024-04,OLS+HAC,Newey-West HAC,96,-0.10274,0.07605,0.0909,0.2583,0.00252,0.00299,0.00262,0.3999,0.3369,-0.00262,0.00766,0.252,0.00128,0.5414,True,placebo date; DESCRIPTIVE ONLY - no causal contrast
