month,basket_id,export_usd_mn,n_codes,vintage_flag,codes_absent,codes_starred
2018-04,B1_MOBILE,26.65,3,R,851713|851714,
2018-04,B2_PHARMA,990.19,20,R,,
2018-04,B3_AC,13.83,6,R,,
2018-04,B4_TEXTILE,71.22,14,R,,
2018-04,C1_LEATHER,172.42,20,R,,
2018-04,C2_FOOTWEAR,209.55,25,R,,
2018-04,C3_COTTON,153.56,70,R,,
2018-05,B1_MOBILE,56.39,3,R,851713|851714,
2018-05,B2_PHARMA,1046.5,20,R,,
2018-05,B3_AC,16.08,6,R,,
2018-05,B4_TEXTILE,73.89,14,R,,
2018-05,C1_LEATHER,190.58,20,R,,
2018-05,C2_FOOTWEAR,226.47,25,R,,
2018-05,C3_COTTON,149.76,70,R,,
2018-06,B1_MOBILE,61.38,3,R,851713|851714,
2018-06,B2_PHARMA,1134.57,21,R,,
2018-06,B3_AC,16.3,6,R,,
2018-06,B4_TEXTILE,66.15,14,R,,
2018-06,C1_LEATHER,207.31,20,R,,
2018-06,C2_FOOTWEAR,247.89,25,R,,
2018-06,C3_COTTON,149.76,70,R,,
2018-07,B1_MOBILE,90.76,3,R,851713|851714,
2018-07,B2_PHARMA,1005.56,21,R,,
2018-07,B3_AC,14.11,6,R,,
2018-07,B4_TEXTILE,60.03,14,R,,
2018-07,C1_LEATHER,214.8,20,R,,
2018-07,C2_FOOTWEAR,268.75,25,R,,
2018-07,C3_COTTON,140.55,70,R,,
2018-08,B1_MOBILE,102.19,3,R,851713|851714,
2018-08,B2_PHARMA,1230.39,21,R,,
2018-08,B3_AC,13.59,6,R,,
2018-08,B4_TEXTILE,83.66,14,R,,
2018-08,C1_LEATHER,228.32,20,R,,
2018-08,C2_FOOTWEAR,274.01,25,R,,
2018-08,C3_COTTON,176.4,70,R,,
2018-09,B1_MOBILE,97.71,3,R,851713|851714,
2018-09,B2_PHARMA,1198.39,21,R,,
2018-09,B3_AC,12.66,6,R,,
2018-09,B4_TEXTILE,90.78,14,R,,
2018-09,C1_LEATHER,220.36,20,R,,
2018-09,C2_FOOTWEAR,205.83,25,R,,
2018-09,C3_COTTON,149.13,70,R,,
2018-10,B1_MOBILE,149.41,3,R,851713|851714,
2018-10,B2_PHARMA,1079.5,21,R,,
2018-10,B3_AC,10.38,6,R,,
2018-10,B4_TEXTILE,83.08,14,R,,
2018-10,C1_LEATHER,224.4,20,R,,
2018-10,C2_FOOTWEAR,213.12,25,R,,
2018-10,C3_COTTON,158.84,70,R,,
2018-11,B1_MOBILE,211.24,3,R,851713|851714,
2018-11,B2_PHARMA,1070.36,21,R,,
2018-11,B3_AC,10.31,6,R,,
2018-11,B4_TEXTILE,69.11,14,R,,
2018-11,C1_LEATHER,219.28,20,R,,
2018-11,C2_FOOTWEAR,217.43,25,R,,
2018-11,C3_COTTON,137.39,70,R,,
2018-12,B1_MOBILE,174.44,3,R,851713|851714,
2018-12,B2_PHARMA,1170.81,21,R,,
2018-12,B3_AC,11.23,6,R,,
2018-12,B4_TEXTILE,77.36,14,R,,
2018-12,C1_LEATHER,222.16,20,R,,
2018-12,C2_FOOTWEAR,256.92,25,R,,
2018-12,C3_COTTON,152.05,70,R,,
2019-01,B1_MOBILE,202.68,3,R,851713|851714,
2019-01,B2_PHARMA,1125.89,20,R,,
2019-01,B3_AC,12.84,6,R,,
2019-01,B4_TEXTILE,86.09,14,R,,
2019-01,C1_LEATHER,229.23,20,R,,
2019-01,C2_FOOTWEAR,272.7,25,R,,
2019-01,C3_COTTON,159.52,70,R,,
2019-02,B1_MOBILE,253.22,3,R,851713|851714,
2019-02,B2_PHARMA,1161.11,21,R,,
2019-02,B3_AC,14.69,6,R,,
2019-02,B4_TEXTILE,80.23,14,R,,
2019-02,C1_LEATHER,212.19,20,R,,
2019-02,C2_FOOTWEAR,269.53,25,R,,
2019-02,C3_COTTON,153.95,70,R,,
2019-03,B1_MOBILE,201.34,3,R,851713|851714,
2019-03,B2_PHARMA,1379.96,21,R,,
2019-03,B3_AC,19.4,6,R,,
2019-03,B4_TEXTILE,99.75,14,R,,
2019-03,C1_LEATHER,217.57,20,R,,
2019-03,C2_FOOTWEAR,245.68,25,R,,
2019-03,C3_COTTON,192.49,70,R,,
2019-04,B1_MOBILE,98.65,3,R,851713|851714,
2019-04,B2_PHARMA,1116.4,20,R,,
2019-04,B3_AC,15.76,6,R,,
2019-04,B4_TEXTILE,82.32,14,R,,
2019-04,C1_LEATHER,168.04,20,R,,
2019-04,C2_FOOTWEAR,211.1,25,R,,
2019-04,C3_COTTON,153.87,70,R,,
2019-05,B1_MOBILE,272.98,3,R,851713|851714,
2019-05,B2_PHARMA,1181.92,20,R,,
2019-05,B3_AC,16.92,6,R,,
2019-05,B4_TEXTILE,85.4,14,R,,
2019-05,C1_LEATHER,217.26,20,R,,
2019-05,C2_FOOTWEAR,238.47,25,R,,
2019-05,C3_COTTON,162.65,70,R,,
2019-06,B1_MOBILE,296.58,3,R,851713|851714,
2019-06,B2_PHARMA,1316.01,21,R,,
2019-06,B3_AC,13.31,6,R,,
2019-06,B4_TEXTILE,71.08,14,R,,
2019-06,C1_LEATHER,198.27,20,R,,
2019-06,C2_FOOTWEAR,235.85,25,R,,
2019-06,C3_COTTON,154.51,70,R,,
2019-07,B1_MOBILE,369.35,3,R,851713|851714,
2019-07,B2_PHARMA,1249.09,21,R,,
2019-07,B3_AC,16.14,6,R,,
2019-07,B4_TEXTILE,93.48,14,R,,
2019-07,C1_LEATHER,226.84,20,R,,
2019-07,C2_FOOTWEAR,264.55,25,R,,
2019-07,C3_COTTON,161.15,70,R,,
2019-08,B1_MOBILE,372.25,3,R,851713|851714,
2019-08,B2_PHARMA,1218.08,21,R,,
2019-08,B3_AC,16.59,6,R,,
2019-08,B4_TEXTILE,91.44,14,R,,
2019-08,C1_LEATHER,219.8,20,R,,
2019-08,C2_FOOTWEAR,242.05,25,R,,
2019-08,C3_COTTON,161.43,70,R,,
2019-09,B1_MOBILE,277.26,3,R,851713|851714,
2019-09,B2_PHARMA,1309.14,21,R,,
2019-09,B3_AC,16.39,6,R,,
2019-09,B4_TEXTILE,93.2,14,R,,
2019-09,C1_LEATHER,205.01,20,R,,
2019-09,C2_FOOTWEAR,196.35,25,R,,
2019-09,C3_COTTON,162.8,70,R,,
2019-10,B1_MOBILE,358.59,3,R,851713|851714,
2019-10,B2_PHARMA,1223.67,21,R,,
2019-10,B3_AC,14.07,6,R,,
2019-10,B4_TEXTILE,96.34,14,R,,
2019-10,C1_LEATHER,209.68,20,R,,
2019-10,C2_FOOTWEAR,200.28,25,R,,
2019-10,C3_COTTON,167.48,70,R,,
2019-11,B1_MOBILE,427.09,3,R,851713|851714,
2019-11,B2_PHARMA,1288.6,21,R,,
2019-11,B3_AC,13.25,6,R,,
2019-11,B4_TEXTILE,78.27,14,R,,
2019-11,C1_LEATHER,212.94,20,R,,
2019-11,C2_FOOTWEAR,197.73,25,R,,
2019-11,C3_COTTON,144.87,70,R,,
2019-12,B1_MOBILE,294.6,3,R,851713|851714,
2019-12,B2_PHARMA,1369.46,21,R,,
2019-12,B3_AC,15.09,6,R,,
2019-12,B4_TEXTILE,109.41,14,R,,
2019-12,C1_LEATHER,208.72,20,R,,
2019-12,C2_FOOTWEAR,234.68,25,R,,
2019-12,C3_COTTON,169.95,70,R,,
2020-01,B1_MOBILE,343.08,3,R,851713|851714,
2020-01,B2_PHARMA,1271.02,20,R,,
2020-01,B3_AC,14.28,6,R,,
2020-01,B4_TEXTILE,110.45,14,R,,
2020-01,C1_LEATHER,210.18,20,R,,
2020-01,C2_FOOTWEAR,238.91,25,R,,
2020-01,C3_COTTON,162.94,70,R,,
2020-02,B1_MOBILE,510.95,3,R,851713|851714,
2020-02,B2_PHARMA,1268.19,21,R,,
2020-02,B3_AC,17.55,6,R,,
2020-02,B4_TEXTILE,108.34,14,R,,
2020-02,C1_LEATHER,207,20,R,,
2020-02,C2_FOOTWEAR,218.57,25,R,,
2020-02,C3_COTTON,168.4,70,R,,
2020-03,B1_MOBILE,239.87,3,R,851713|851714,
2020-03,B2_PHARMA,1115.86,21,R,,
2020-03,B3_AC,13.56,6,R,,
2020-03,B4_TEXTILE,83.85,14,R,,
2020-03,C1_LEATHER,142.34,20,R,,
2020-03,C2_FOOTWEAR,152.02,25,R,,
2020-03,C3_COTTON,134.95,70,R,,
2020-04,B1_MOBILE,30.43,3,R,851713|851714,
2020-04,B2_PHARMA,1178.86,21,R,,
2020-04,B3_AC,0.86,6,R,,
2020-04,B4_TEXTILE,9.23,14,R,,
2020-04,C1_LEATHER,8.68,20,R,,
2020-04,C2_FOOTWEAR,15.16,25,R,,
2020-04,C3_COTTON,12.31,70,R,,
2020-05,B1_MOBILE,71.01,3,R,851713|851714,
2020-05,B2_PHARMA,1486.12,21,R,,
2020-05,B3_AC,7.93,6,R,,
2020-05,B4_TEXTILE,26.44,14,R,,
2020-05,C1_LEATHER,50.03,20,R,,
2020-05,C2_FOOTWEAR,62.8,25,R,,
2020-05,C3_COTTON,55.05,70,R,,
2020-06,B1_MOBILE,71.78,3,R,851713|851714,
2020-06,B2_PHARMA,1459.84,21,R,,
2020-06,B3_AC,12.03,6,R,,
2020-06,B4_TEXTILE,41.41,14,R,,
2020-06,C1_LEATHER,119.4,20,R,,
2020-06,C2_FOOTWEAR,139.72,25,R,,
2020-06,C3_COTTON,121.65,70,R,,
2020-07,B1_MOBILE,141.12,3,R,851713|851714,
2020-07,B2_PHARMA,1491.11,21,R,,
2020-07,B3_AC,14.82,6,R,,
2020-07,B4_TEXTILE,54.28,14,R,,
2020-07,C1_LEATHER,168.93,20,R,,
2020-07,C2_FOOTWEAR,202.14,25,R,,
2020-07,C3_COTTON,149.18,70,R,,
2020-08,B1_MOBILE,244.74,3,R,851713|851714,
2020-08,B2_PHARMA,1441.74,21,R,,
2020-08,B3_AC,15.78,6,R,,
2020-08,B4_TEXTILE,60.54,14,R,,
2020-08,C1_LEATHER,187,20,R,,
2020-08,C2_FOOTWEAR,206.28,25,R,,
2020-08,C3_COTTON,139.62,70,R,,
2020-09,B1_MOBILE,221.2,3,R,851713|851714,
2020-09,B2_PHARMA,1650.06,21,R,,
2020-09,B3_AC,18.84,6,R,,
2020-09,B4_TEXTILE,71.42,14,R,,
2020-09,C1_LEATHER,210.34,20,R,,
2020-09,C2_FOOTWEAR,197.71,25,R,,
2020-09,C3_COTTON,154.71,70,R,,
2020-10,B1_MOBILE,293.37,3,R,851713|851714,
2020-10,B2_PHARMA,1516.4,21,R,,
2020-10,B3_AC,13.96,6,R,,
2020-10,B4_TEXTILE,62.62,14,R,,
2020-10,C1_LEATHER,204.02,20,R,,
2020-10,C2_FOOTWEAR,157.46,25,R,,
2020-10,C3_COTTON,163.67,70,R,,
2020-11,B1_MOBILE,440.15,3,R,851713|851714,
2020-11,B2_PHARMA,1417.83,21,R,,
2020-11,B3_AC,12.9,6,R,,
2020-11,B4_TEXTILE,57.01,14,R,,
2020-11,C1_LEATHER,168.44,20,R,,
2020-11,C2_FOOTWEAR,143.29,25,R,,
2020-11,C3_COTTON,149.29,70,R,,
2020-12,B1_MOBILE,418.51,3,R,851713|851714,
2020-12,B2_PHARMA,1624.53,21,R,,
2020-12,B3_AC,16.06,6,R,,
2020-12,B4_TEXTILE,67.58,14,R,,
2020-12,C1_LEATHER,186.07,20,R,,
2020-12,C2_FOOTWEAR,186.36,25,R,,
2020-12,C3_COTTON,167.81,70,R,,
2021-01,B1_MOBILE,400.65,3,R,851713|851714,
2021-01,B2_PHARMA,1474.3,21,R,,
2021-01,B3_AC,14.95,6,R,,
2021-01,B4_TEXTILE,69.25,14,R,,
2021-01,C1_LEATHER,181.4,20,R,,
2021-01,C2_FOOTWEAR,192.76,25,R,,
2021-01,C3_COTTON,162.82,70,R,,
2021-02,B1_MOBILE,317.48,3,R,851713|851714,
2021-02,B2_PHARMA,1412.22,22,R,,
2021-02,B3_AC,17.09,6,R,,
2021-02,B4_TEXTILE,74.66,14,R,,
2021-02,C1_LEATHER,170.75,20,R,,
2021-02,C2_FOOTWEAR,182.81,25,R,,
2021-02,C3_COTTON,159.92,70,R,,
2021-03,B1_MOBILE,471.57,3,R,851713|851714,
2021-03,B2_PHARMA,1621.16,22,R,,
2021-03,B3_AC,23.07,6,R,,
2021-03,B4_TEXTILE,84.81,14,R,,
2021-03,C1_LEATHER,174.36,20,R,,
2021-03,C2_FOOTWEAR,190.88,25,R,,
2021-03,C3_COTTON,179.11,70,R,,
2021-04,B1_MOBILE,170.13,3,R,851713|851714,
2021-04,B2_PHARMA,1384.55,21,R,,
2021-04,B3_AC,16.52,6,R,,
2021-04,B4_TEXTILE,74.67,14,R,,
2021-04,C1_LEATHER,160.42,20,R,,
2021-04,C2_FOOTWEAR,164.43,25,R,,
2021-04,C3_COTTON,182.57,70,R,,
2021-05,B1_MOBILE,232.94,3,R,851713|851714,
2021-05,B2_PHARMA,1365.52,21,R,,
2021-05,B3_AC,14.58,6,R,,
2021-05,B4_TEXTILE,58.72,14,R,,
2021-05,C1_LEATHER,147.8,20,R,,
2021-05,C2_FOOTWEAR,144.16,25,R,,
2021-05,C3_COTTON,162.31,70,R,,
2021-06,B1_MOBILE,232.57,3,R,851713|851714,
2021-06,B2_PHARMA,1490.45,21,R,,
2021-06,B3_AC,16.3,6,R,,
2021-06,B4_TEXTILE,68.99,14,R,,
2021-06,C1_LEATHER,169.79,20,R,,
2021-06,C2_FOOTWEAR,187.81,25,R,,
2021-06,C3_COTTON,171.63,70,R,,
2021-07,B1_MOBILE,423.11,3,R,851713|851714,
2021-07,B2_PHARMA,1563.39,21,R,,
2021-07,B3_AC,19.16,6,R,,
2021-07,B4_TEXTILE,73.53,14,R,,
2021-07,C1_LEATHER,227.14,20,R,,
2021-07,C2_FOOTWEAR,214.94,25,R,,
2021-07,C3_COTTON,196.49,70,R,,
2021-08,B1_MOBILE,348.85,3,R,851713|851714,
2021-08,B2_PHARMA,1491.12,21,R,,
2021-08,B3_AC,18.37,6,R,,
2021-08,B4_TEXTILE,67.68,14,R,,
2021-08,C1_LEATHER,217.56,20,R,,
2021-08,C2_FOOTWEAR,221.49,25,R,,
2021-08,C3_COTTON,200.87,70,R,,
2021-09,B1_MOBILE,302.32,3,R,851713|851714,
2021-09,B2_PHARMA,1455.56,21,R,,
2021-09,B3_AC,19.63,6,R,,
2021-09,B4_TEXTILE,72.53,14,R,,
2021-09,C1_LEATHER,237.77,20,R,,
2021-09,C2_FOOTWEAR,208.87,25,R,,
2021-09,C3_COTTON,191.15,70,R,,
2021-10,B1_MOBILE,496.69,3,R,851713|851714,
2021-10,B2_PHARMA,1451.89,21,R,,
2021-10,B3_AC,18.83,6,R,,
2021-10,B4_TEXTILE,78.75,14,R,,
2021-10,C1_LEATHER,230.35,20,R,,
2021-10,C2_FOOTWEAR,197.97,25,R,,
2021-10,C3_COTTON,215.79,70,R,,
2021-11,B1_MOBILE,693.14,3,R,851713|851714,
2021-11,B2_PHARMA,1259.15,21,R,,
2021-11,B3_AC,17.49,6,R,,
2021-11,B4_TEXTILE,68.3,14,R,,
2021-11,C1_LEATHER,218.43,20,R,,
2021-11,C2_FOOTWEAR,194.18,25,R,,
2021-11,C3_COTTON,192.27,70,R,,
2021-12,B1_MOBILE,777.49,3,R,851713|851714,
2021-12,B2_PHARMA,1563.56,21,R,,
2021-12,B3_AC,20.45,6,R,,
2021-12,B4_TEXTILE,88.88,14,R,,
2021-12,C1_LEATHER,228.84,20,R,,
2021-12,C2_FOOTWEAR,236.59,25,R,,
2021-12,C3_COTTON,237.11,70,R,,
2022-01,B1_MOBILE,536.12,3,R,851713|851714,
2022-01,B2_PHARMA,1430.13,21,R,,
2022-01,B3_AC,20.59,6,R,,
2022-01,B4_TEXTILE,87.38,14,R,,
2022-01,C1_LEATHER,232.57,20,R,,
2022-01,C2_FOOTWEAR,241,25,R,,
2022-01,C3_COTTON,239.01,70,R,,
2022-02,B1_MOBILE,603.5,3,R,851713|851714,
2022-02,B2_PHARMA,1391.06,22,R,,
2022-02,B3_AC,25.22,6,R,,
2022-02,B4_TEXTILE,94.16,14,R,,
2022-02,C1_LEATHER,227.99,20,R,,
2022-02,C2_FOOTWEAR,242.31,25,R,,
2022-02,C3_COTTON,235.36,70,R,,
2022-03,B1_MOBILE,813.67,3,R,851713|851714,
2022-03,B2_PHARMA,1660.83,22,R,,
2022-03,B3_AC,26.57,6,R,,
2022-03,B4_TEXTILE,105.52,14,R,,
2022-03,C1_LEATHER,240.04,20,R,,
2022-03,C2_FOOTWEAR,256.6,25,R,,
2022-03,C3_COTTON,228.38,70,R,,
2022-04,B1_MOBILE,691.84,5,R,,
2022-04,B2_PHARMA,1455.59,21,R,,
2022-04,B3_AC,20.42,6,R,,
2022-04,B4_TEXTILE,87.83,14,R,,
2022-04,C1_LEATHER,219.4,20,R,,
2022-04,C2_FOOTWEAR,239.36,25,R,,
2022-04,C3_COTTON,210.77,70,R,,
2022-05,B1_MOBILE,448.42,5,R,,
2022-05,B2_PHARMA,1416.02,21,R,,
2022-05,B3_AC,23.95,6,R,,
2022-05,B4_TEXTILE,75.01,14,R,,
2022-05,C1_LEATHER,219.65,20,R,,
2022-05,C2_FOOTWEAR,248.65,25,R,,
2022-05,C3_COTTON,209.01,70,R,,
2022-06,B1_MOBILE,713.26,5,R,,
2022-06,B2_PHARMA,1487.62,21,R,,
2022-06,B3_AC,26.82,6,R,,
2022-06,B4_TEXTILE,80.5,14,R,,
2022-06,C1_LEATHER,252.97,20,R,,
2022-06,C2_FOOTWEAR,272.03,25,R,,
2022-06,C3_COTTON,179.13,70,R,,
2022-07,B1_MOBILE,695.72,5,R,,
2022-07,B2_PHARMA,1497.43,21,R,,
2022-07,B3_AC,29,6,R,,
2022-07,B4_TEXTILE,78.71,14,R,,
2022-07,C1_LEATHER,249.29,20,R,,
2022-07,C2_FOOTWEAR,297.68,25,R,,
2022-07,C3_COTTON,169.66,70,R,,
2022-08,B1_MOBILE,675.77,5,R,,
2022-08,B2_PHARMA,1550.58,21,R,,
2022-08,B3_AC,21.61,6,R,,
2022-08,B4_TEXTILE,83.41,14,R,,
2022-08,C1_LEATHER,234.32,20,R,,
2022-08,C2_FOOTWEAR,267.27,25,R,,
2022-08,C3_COTTON,183.11,70,R,,
2022-09,B1_MOBILE,895.47,5,R,,
2022-09,B2_PHARMA,1569.06,21,R,,
2022-09,B3_AC,21.82,6,R,,
2022-09,B4_TEXTILE,84.46,14,R,,
2022-09,C1_LEATHER,234.7,20,R,,
2022-09,C2_FOOTWEAR,257.91,25,R,,
2022-09,C3_COTTON,178.07,70,R,,
2022-10,B1_MOBILE,909.96,5,R,,
2022-10,B2_PHARMA,1336.67,21,R,,
2022-10,B3_AC,17.22,6,R,,
2022-10,B4_TEXTILE,80.99,14,R,,
2022-10,C1_LEATHER,193.88,20,R,,
2022-10,C2_FOOTWEAR,217.44,25,R,,
2022-10,C3_COTTON,151.41,70,R,,
2022-11,B1_MOBILE,1198.08,5,R,,
2022-11,B2_PHARMA,1435.52,21,R,,
2022-11,B3_AC,23.79,6,R,,
2022-11,B4_TEXTILE,78.8,14,R,,
2022-11,C1_LEATHER,218.61,20,R,,
2022-11,C2_FOOTWEAR,232.89,25,R,,
2022-11,C3_COTTON,148.85,70,R,,
2022-12,B1_MOBILE,1193.88,5,R,,
2022-12,B2_PHARMA,1611.81,21,R,,
2022-12,B3_AC,28.95,6,R,,
2022-12,B4_TEXTILE,89.78,14,R,,
2022-12,C1_LEATHER,214.84,20,R,,
2022-12,C2_FOOTWEAR,248.64,25,R,,
2022-12,C3_COTTON,168.23,70,R,,
2023-01,B1_MOBILE,1167.49,5,R,,
2023-01,B2_PHARMA,1399.34,20,R,,
2023-01,B3_AC,17.43,6,R,,
2023-01,B4_TEXTILE,105.22,14,R,,
2023-01,C1_LEATHER,203.92,20,R,,
2023-01,C2_FOOTWEAR,243.32,25,R,,
2023-01,C3_COTTON,167.81,70,R,,
2023-02,B1_MOBILE,953.05,5,R,,
2023-02,B2_PHARMA,1448.01,20,R,,
2023-02,B3_AC,23.31,6,R,,
2023-02,B4_TEXTILE,103.2,14,R,,
2023-02,C1_LEATHER,186.69,20,R,,
2023-02,C2_FOOTWEAR,215.57,25,R,,
2023-02,C3_COTTON,169.7,70,R,,
2023-03,B1_MOBILE,1648.13,5,R,,
2023-03,B2_PHARMA,1757.08,20,R,,
2023-03,B3_AC,33.66,6,R,,
2023-03,B4_TEXTILE,119.97,14,R,,
2023-03,C1_LEATHER,200.06,20,R,,
2023-03,C2_FOOTWEAR,211.15,25,R,,
2023-03,C3_COTTON,180.74,70,R,,
2023-04,B1_MOBILE,1068.72,5,R,,
2023-04,B2_PHARMA,1659.48,21,R,,
2023-04,B3_AC,27.77,6,R,,
2023-04,B4_TEXTILE,85.37,14,R,,
2023-04,C1_LEATHER,193.19,20,R,,
2023-04,C2_FOOTWEAR,187.97,25,R,,
2023-04,C3_COTTON,156.69,70,R,,
2023-05,B1_MOBILE,1365.96,5,R,,
2023-05,B2_PHARMA,1485.16,21,R,,
2023-05,B3_AC,25.63,6,R,,
2023-05,B4_TEXTILE,91.69,14,R,,
2023-05,C1_LEATHER,193,20,R,,
2023-05,C2_FOOTWEAR,229.94,25,R,,
2023-05,C3_COTTON,152.63,70,R,,
2023-06,B1_MOBILE,1292.71,5,R,,
2023-06,B2_PHARMA,1558.49,21,R,,
2023-06,B3_AC,28.07,6,R,,
2023-06,B4_TEXTILE,80.49,14,R,,
2023-06,C1_LEATHER,220.74,20,R,,
2023-06,C2_FOOTWEAR,232.03,25,R,,
2023-06,C3_COTTON,140.14,70,R,,
2023-07,B1_MOBILE,952.79,5,R,,
2023-07,B2_PHARMA,1498.92,21,R,,
2023-07,B3_AC,21.81,6,R,,
2023-07,B4_TEXTILE,86.47,14,R,,
2023-07,C1_LEATHER,220.21,20,R,,
2023-07,C2_FOOTWEAR,245.68,25,R,,
2023-07,C3_COTTON,153.23,70,R,,
2023-08,B1_MOBILE,955.35,5,R,,
2023-08,B2_PHARMA,1618.75,21,R,,
2023-08,B3_AC,25.49,6,R,,
2023-08,B4_TEXTILE,97.54,14,R,,
2023-08,C1_LEATHER,235.73,20,R,,
2023-08,C2_FOOTWEAR,233.59,25,R,,
2023-08,C3_COTTON,173.4,70,R,,
2023-09,B1_MOBILE,913.58,5,R,,
2023-09,B2_PHARMA,1758.81,21,R,,
2023-09,B3_AC,27.24,6,R,,
2023-09,B4_TEXTILE,86.69,14,R,,
2023-09,C1_LEATHER,207.95,20,R,,
2023-09,C2_FOOTWEAR,170.21,25,R,,
2023-09,C3_COTTON,156.42,70,R,,
2023-10,B1_MOBILE,1268.8,5,R,,
2023-10,B2_PHARMA,1690.92,21,R,,
2023-10,B3_AC,23.03,6,R,,
2023-10,B4_TEXTILE,92.99,14,R,,
2023-10,C1_LEATHER,201.23,20,R,,
2023-10,C2_FOOTWEAR,180.72,25,R,,
2023-10,C3_COTTON,158.73,70,R,,
2023-11,B1_MOBILE,1267.83,5,R,,
2023-11,B2_PHARMA,1530.11,21,R,,
2023-11,B3_AC,28.12,6,R,,
2023-11,B4_TEXTILE,73.38,14,R,,
2023-11,C1_LEATHER,184.22,20,R,,
2023-11,C2_FOOTWEAR,182.55,25,R,,
2023-11,C3_COTTON,134,70,R,,
2023-12,B1_MOBILE,1447.14,5,R,,
2023-12,B2_PHARMA,1782.74,21,R,,
2023-12,B3_AC,32.73,6,R,,
2023-12,B4_TEXTILE,84.76,14,R,,
2023-12,C1_LEATHER,199.53,20,R,,
2023-12,C2_FOOTWEAR,201.23,25,R,,
2023-12,C3_COTTON,148.02,70,R,,
2024-01,B1_MOBILE,1317.7,5,R,,
2024-01,B2_PHARMA,1521.03,20,R,,
2024-01,B3_AC,25.84,6,R,,
2024-01,B4_TEXTILE,89.63,14,R,,
2024-01,C1_LEATHER,190.09,20,R,,
2024-01,C2_FOOTWEAR,218.79,25,R,,
2024-01,C3_COTTON,148.81,70,R,,
2024-02,B1_MOBILE,1758.92,5,R,,
2024-02,B2_PHARMA,1856.28,20,R,,
2024-02,B3_AC,30.04,6,R,,
2024-02,B4_TEXTILE,104.49,14,R,,
2024-02,C1_LEATHER,194.42,20,R,,
2024-02,C2_FOOTWEAR,204.96,25,R,,
2024-02,C3_COTTON,166.1,70,R,,
2024-03,B1_MOBILE,1990.33,5,R,,
2024-03,B2_PHARMA,2023.67,20,R,,
2024-03,B3_AC,40.97,6,R,,
2024-03,B4_TEXTILE,98.8,14,R,,
2024-03,C1_LEATHER,206.7,20,R,,
2024-03,C2_FOOTWEAR,202.37,25,R,,
2024-03,C3_COTTON,184.05,70,R,,
2024-04,B1_MOBILE,1513.61,5,R,,
2024-04,B2_PHARMA,1875.97,20,R,,
2024-04,B3_AC,23.56,6,R,,
2024-04,B4_TEXTILE,76.55,14,R,,
2024-04,C1_LEATHER,184.4,20,R,,
2024-04,C2_FOOTWEAR,169.85,25,R,,
2024-04,C3_COTTON,144.92,70,R,,
2024-05,B1_MOBILE,1780.8,5,R,,
2024-05,B2_PHARMA,1660.53,20,R,,
2024-05,B3_AC,34.29,6,R,,
2024-05,B4_TEXTILE,87.06,14,R,,
2024-05,C1_LEATHER,211.18,20,R,,
2024-05,C2_FOOTWEAR,198.96,25,R,,
2024-05,C3_COTTON,160.61,70,R,,
2024-06,B1_MOBILE,1612.51,5,R,,
2024-06,B2_PHARMA,1805.45,20,R,,
2024-06,B3_AC,32.99,6,R,,
2024-06,B4_TEXTILE,72.87,14,R,,
2024-06,C1_LEATHER,216.89,20,R,,
2024-06,C2_FOOTWEAR,229.88,25,R,,
2024-06,C3_COTTON,139.83,70,R,,
2024-07,B1_MOBILE,1550.24,5,R,,
2024-07,B2_PHARMA,1709.62,20,R,,
2024-07,B3_AC,34.4,6,R,,
2024-07,B4_TEXTILE,82.18,14,R,,
2024-07,C1_LEATHER,225.17,20,R,,
2024-07,C2_FOOTWEAR,249.39,25,R,,
2024-07,C3_COTTON,146.14,70,R,,
2024-08,B1_MOBILE,1098.86,5,R,,
2024-08,B2_PHARMA,1735.66,20,R,,
2024-08,B3_AC,39.16,6,R,,
2024-08,B4_TEXTILE,85.01,14,R,,
2024-08,C1_LEATHER,244.02,20,R,,
2024-08,C2_FOOTWEAR,227.77,25,R,,
2024-08,C3_COTTON,153.55,70,R,,
2024-09,B1_MOBILE,924.51,5,R,,
2024-09,B2_PHARMA,1846.9,20,R,,
2024-09,B3_AC,35.04,6,R,,
2024-09,B4_TEXTILE,87.28,14,R,,
2024-09,C1_LEATHER,228.09,20,R,,
2024-09,C2_FOOTWEAR,192.15,25,R,,
2024-09,C3_COTTON,166.49,70,R,,
2024-10,B1_MOBILE,2212.74,5,R,,
2024-10,B2_PHARMA,1912,20,R,,
2024-10,B3_AC,40.33,6,R,,
2024-10,B4_TEXTILE,96.62,14,R,,
2024-10,C1_LEATHER,236.97,20,R,,
2024-10,C2_FOOTWEAR,203.51,25,R,,
2024-10,C3_COTTON,178.7,70,R,,
2024-11,B1_MOBILE,2403.13,5,R,,
2024-11,B2_PHARMA,1524.35,20,R,,
2024-11,B3_AC,32.33,6,R,,
2024-11,B4_TEXTILE,66.97,14,R,,
2024-11,C1_LEATHER,200.52,20,R,,
2024-11,C2_FOOTWEAR,184.11,25,R,,
2024-11,C3_COTTON,139.45,70,R,,
2024-12,B1_MOBILE,2302.65,5,R,,
2024-12,B2_PHARMA,1819.28,20,R,,
2024-12,B3_AC,39.43,6,R,,
2024-12,B4_TEXTILE,91.12,14,R,,
2024-12,C1_LEATHER,218.98,20,R,,
2024-12,C2_FOOTWEAR,220.02,25,R,,
2024-12,C3_COTTON,182.62,70,R,,
2025-01,B1_MOBILE,2930.01,5,R,,
2025-01,B2_PHARMA,1897.3,20,R,,
2025-01,B3_AC,37.21,6,R,,
2025-01,B4_TEXTILE,101.38,14,R,,
2025-01,C1_LEATHER,234.48,20,R,,
2025-01,C2_FOOTWEAR,219.7,25,R,,
2025-01,C3_COTTON,185.52,70,R,,
2025-02,B1_MOBILE,2664.31,5,R,,
2025-02,B2_PHARMA,1828.88,20,R,,
2025-02,B3_AC,38.02,6,R,,
2025-02,B4_TEXTILE,98.05,14,R,,
2025-02,C1_LEATHER,200.73,20,R,,
2025-02,C2_FOOTWEAR,202.69,25,R,,
2025-02,C3_COTTON,172.51,70,R,,
2025-03,B1_MOBILE,3166.91,5,R,,
2025-03,B2_PHARMA,2735.13,20,R,,
2025-03,B3_AC,48.06,6,R,,
2025-03,B4_TEXTILE,103.16,14,R,,
2025-03,C1_LEATHER,221.03,20,R,,
2025-03,C2_FOOTWEAR,206.84,25,R,,
2025-03,C3_COTTON,188.84,70,R,,
2025-04,B1_MOBILE,2327.03,5,R,,
2025-04,B2_PHARMA,1850.53,20,R,,
2025-04,B3_AC,39.06,6,R,,
2025-04,B4_TEXTILE,86.3,14,R,,
2025-04,C1_LEATHER,191.75,20,R,,
2025-04,C2_FOOTWEAR,187.57,25,R,,
2025-04,C3_COTTON,163.5,70,R,,
2025-05,B1_MOBILE,2964.76,5,R,,
2025-05,B2_PHARMA,1821.61,20,R,,
2025-05,B3_AC,43.06,6,R,,
2025-05,B4_TEXTILE,93.26,14,R,,
2025-05,C1_LEATHER,228.91,20,R,,
2025-05,C2_FOOTWEAR,220.95,25,R,,
2025-05,C3_COTTON,160.57,70,R,,
2025-06,B1_MOBILE,2688.25,5,R,,
2025-06,B2_PHARMA,1924.83,20,R,,
2025-06,B3_AC,42.33,6,R,,
2025-06,B4_TEXTILE,72.93,14,R,,
2025-06,C1_LEATHER,229.07,20,R,,
2025-06,C2_FOOTWEAR,228.89,25,R,,
2025-06,C3_COTTON,146.75,70,R,,
2025-07,B1_MOBILE,2206.24,5,R,,
2025-07,B2_PHARMA,1938.47,20,R,,
2025-07,B3_AC,41.55,6,R,,
2025-07,B4_TEXTILE,89.35,14,R,,
2025-07,C1_LEATHER,256.11,20,R,,
2025-07,C2_FOOTWEAR,270.06,25,R,,
2025-07,C3_COTTON,163.05,70,R,,
2025-08,B1_MOBILE,1527.75,5,R,,
2025-08,B2_PHARMA,1771.32,20,R,,
2025-08,B3_AC,37.82,6,R,,
2025-08,B4_TEXTILE,84.02,14,R,,
2025-08,C1_LEATHER,251.24,20,R,,
2025-08,C2_FOOTWEAR,231.02,25,R,,
2025-08,C3_COTTON,165.68,70,R,,
2025-09,B1_MOBILE,1683.45,5,R,,
2025-09,B2_PHARMA,1815.3,20,R,,
2025-09,B3_AC,45.67,6,R,,
2025-09,B4_TEXTILE,95.3,14,R,,
2025-09,C1_LEATHER,221.3,20,R,,
2025-09,C2_FOOTWEAR,182.83,25,R,,
2025-09,C3_COTTON,181.35,70,R,,
2025-10,B1_MOBILE,2567.71,5,R,,
2025-10,B2_PHARMA,1675.65,20,R,,
2025-10,B3_AC,45.47,6,R,,
2025-10,B4_TEXTILE,90.04,14,R,,
2025-10,C1_LEATHER,200.55,20,R,,
2025-10,C2_FOOTWEAR,173.58,25,R,,
2025-10,C3_COTTON,169.7,70,R,,
2025-11,B1_MOBILE,2920.03,5,R,,
2025-11,B2_PHARMA,1840.9,20,R,,
2025-11,B3_AC,53.14,6,R,,
2025-11,B4_TEXTILE,84.39,14,R,,
2025-11,C1_LEATHER,216.55,20,R,,
2025-11,C2_FOOTWEAR,199.11,25,R,,
2025-11,C3_COTTON,161.1,70,R,,
2025-12,B1_MOBILE,2508.8,5,R,,
2025-12,B2_PHARMA,1888.17,20,R,,
2025-12,B3_AC,51.72,6,R,,
2025-12,B4_TEXTILE,104.3,14,R,,
2025-12,C1_LEATHER,216.97,20,R,,
2025-12,C2_FOOTWEAR,209.63,25,R,,
2025-12,C3_COTTON,182.81,70,R,,
2026-01,B1_MOBILE,2558.25,5,R,,
2026-01,B2_PHARMA,1866.8,20,R,,
2026-01,B3_AC,46.74,6,R,,
2026-01,B4_TEXTILE,111.06,14,R,,
2026-01,C1_LEATHER,219.71,20,R,,
2026-01,C2_FOOTWEAR,209.4,25,R,,
2026-01,C3_COTTON,176.6,70,R,,
2026-02,B1_MOBILE,2642.06,5,R,,
2026-02,B2_PHARMA,1860.72,20,R,,
2026-02,B3_AC,53.79,6,R,,
2026-02,B4_TEXTILE,103.06,14,R,,
2026-02,C1_LEATHER,212.73,20,R,,
2026-02,C2_FOOTWEAR,181.14,25,R,,
2026-02,C3_COTTON,171.85,70,R,,
2026-03,B1_MOBILE,2792.22,5,R,,
2026-03,B2_PHARMA,1972.06,20,R,,
2026-03,B3_AC,39.78,6,R,,
2026-03,B4_TEXTILE,78.89,14,R,,
2026-03,C1_LEATHER,200.74,20,R,,
2026-03,C2_FOOTWEAR,167.92,25,R,,
2026-03,C3_COTTON,169.9,70,R,,
